<?xml version="1.0" encoding="utf-8"?>
<ModMetaData>
    <name>Lisa's Mousekin Apparel</name>
    <author>Hysteria82</author>
	<packageId>Hysteria82.LisasMousekinApparel</packageId>
	<description>Adds additional apparel for the Mousekin Race mod.\n\n===Clothing Overview===
BarMaid Dress
Chef's Uniform
Leather Vest
Fringed Vest
Nurse's Uniform
Short Sleeve Shirt With buttons
Pants With Belt
OverAlls
Pioneer's Dress
Nurse's Cap
Chef's Toque
10 gallon hat
Bandana
Belly Dancer Outfit Female
Belly Dancer Veil
Belly Dancer Outfit Male
Belly Dancer Turban
Beret
Head Mirror
Executioner Hood
Explorer Outfit
Safari Hat
Lab Coat
Lumberjack Shirt
Maid Uniform
Maid Headband
Shirt and Tie
Stethoscope
Turtleneck
Aviator Outfit
Aviator Hat

</description>
	<supportedVersions>
		<li>1.5</li>
	</supportedVersions>
	<modDependencies>
		<li>
			<packageId>sumghai.MousekinRace</packageId>
			<displayName>Mousekin Race</displayName>
			<steamWorkshopUrl>steam://url/CommunityFilePage/2494193063</steamWorkshopUrl>
			<downloadUrl>https://github.com/sumghai/MousekinRace/releases/latest</downloadUrl>
		</li>
	</modDependencies>
	<loadAfter>
		<li>sumghai.MousekinRace</li>
	</loadAfter>
</ModMetaData>