<?xml version="1.0" encoding="UTF-8"?>
<Defs>

	<!-- Barmaid Dress -->
	<ThingDef ParentName="LisaMousekin_ApparelBase">
		<defName>LisaMousekin_ApparelBarmaidDress</defName>
		<label>Mousekin Barmaid Dress</label>
		<description>A functional yet flirty outfit designed for serving drinks and keeping patrons happy.</description>
		<graphicData>
			<texPath>Things/Pawn/Humanlike/Apparel/MousekinBarMaidDress/MousekinBarMaidDress</texPath>
			<graphicClass>Graphic_Single</graphicClass>
		</graphicData>
		<costStuffCount>60</costStuffCount>
		<statBases>
			<MaxHitPoints>180</MaxHitPoints>
			<WorkToMake>4000</WorkToMake>
			<Mass>1.75</Mass>
			<StuffEffectMultiplierArmor>0.2</StuffEffectMultiplierArmor>
			<StuffEffectMultiplierInsulation_Cold>0.40</StuffEffectMultiplierInsulation_Cold>
			<StuffEffectMultiplierInsulation_Heat>0.20</StuffEffectMultiplierInsulation_Heat>
			<EquipDelay>2</EquipDelay>
		</statBases>
		<equippedStatOffsets>
			<SocialImpact>0.1</SocialImpact>
			<CookSpeed>0.5</CookSpeed>
			<WorkSpeedGlobal>0.5</WorkSpeedGlobal>
		</equippedStatOffsets>
		<apparel>
			<bodyPartGroups>
				<li>Torso</li>
				<li>Shoulders</li>
				<li>Arms</li>
				<li>Legs</li>
			</bodyPartGroups>
			<wornGraphicPath>Things/Pawn/Humanlike/Apparel/MousekinBarMaidDress/MousekinBarMaidDress</wornGraphicPath>
			<layers>
				<li>OnSkin</li>
			</layers>
			<defaultOutfitTags>
				<li>Worker</li>
			</defaultOutfitTags>
			<gender>Female</gender>
		</apparel>
		<!-- Random color generator (for cloth fabric type only) -->
		<colorGenerator Class="ColorGenerator_StandardApparel" />
	</ThingDef>

	<!-- Chef's Uniform -->
	<ThingDef ParentName="LisaMousekin_ApparelBase">
		<defName>LisaMousekin_ApparelChefUniform</defName>
		<label>Mousekin Chef Uniform</label>
		<description>A chef's uniform shields from kitchen heat, splatters, and cuts, keeping them safe and clean.</description>
		<graphicData>
			<texPath>Things/Pawn/Humanlike/Apparel/MousekinChefUniform/MousekinChefUniform</texPath>
			<graphicClass>Graphic_Single</graphicClass>
		</graphicData>
		<costStuffCount>60</costStuffCount>
		<statBases>
			<MaxHitPoints>180</MaxHitPoints>
			<WorkToMake>4000</WorkToMake>
			<Mass>1.75</Mass>
			<StuffEffectMultiplierArmor>0.2</StuffEffectMultiplierArmor>
			<StuffEffectMultiplierInsulation_Cold>0.45</StuffEffectMultiplierInsulation_Cold>
			<StuffEffectMultiplierInsulation_Heat>0.20</StuffEffectMultiplierInsulation_Heat>
			<EquipDelay>2</EquipDelay>
		</statBases>
		<equippedStatOffsets>
			<FoodPoisonChance>0.0</FoodPoisonChance>
			<CookSpeed>0.1</CookSpeed>
		</equippedStatOffsets>
		<apparel>
			<bodyPartGroups>
				<li>Torso</li>
				<li>Shoulders</li>
				<li>Arms</li>
				<li>Legs</li>
			</bodyPartGroups>
			<wornGraphicPath>Things/Pawn/Humanlike/Apparel/MousekinChefUniform/MousekinChefUniform</wornGraphicPath>
			<layers>
				<li>OnSkin</li>
			</layers>
			<defaultOutfitTags>
				<li>Worker</li>
			</defaultOutfitTags>
		</apparel>
		<!-- Custom Mousekin Race mod comp to ignore apparel stuff color -->
		<comps>
			<li>
				<compClass>MousekinRace.CompApparelIgnoreStuffColor</compClass>
			</li>
		</comps>
	</ThingDef>

	<!-- Nurse's Uniform -->
	<ThingDef ParentName="LisaMousekin_ApparelBase">
		<defName>LisaMousekin_ApparelNurseUniform</defName>
		<label>Mousekin Nurse's Uniform</label>
		<description>The red cross on classic nurse uniforms historically symbolized neutrality and protected medical personnel during wartime.</description>
		<graphicData>
			<texPath>Things/Pawn/Humanlike/Apparel/MousekinNurseUniform/MousekinNurseUniform</texPath>
			<graphicClass>Graphic_Single</graphicClass>
		</graphicData>
		<costStuffCount>60</costStuffCount>
		<statBases>
			<MaxHitPoints>180</MaxHitPoints>
			<WorkToMake>4000</WorkToMake>
			<Mass>1.75</Mass>
			<StuffEffectMultiplierArmor>0.2</StuffEffectMultiplierArmor>
			<StuffEffectMultiplierInsulation_Cold>0.45</StuffEffectMultiplierInsulation_Cold>
			<StuffEffectMultiplierInsulation_Heat>0.20</StuffEffectMultiplierInsulation_Heat>
			<EquipDelay>2</EquipDelay>
		</statBases>
		<equippedStatOffsets>
			<MedicalTendQualityOffset>0.1</MedicalTendQualityOffset>
			<MoveSpeed>0.1</MoveSpeed>
			<WorkSpeedGlobal>0.1</WorkSpeedGlobal>
		</equippedStatOffsets>
		<apparel>
			<bodyPartGroups>
				<li>Torso</li>
				<li>Shoulders</li>
				<li>Arms</li>
				<li>Legs</li>
			</bodyPartGroups>
			<wornGraphicPath>Things/Pawn/Humanlike/Apparel/MousekinNurseUniform/MousekinNurseUniform</wornGraphicPath>
			<layers>
				<li>OnSkin</li>
			</layers>
			<defaultOutfitTags>
				<li>Worker</li>
			</defaultOutfitTags>
			<gender>Female</gender>
		</apparel>
		<!-- Color options (for cloth fabric type only) -->
		<colorGenerator Class="ColorGenerator_Options">
			<options>
				<li>
					<!-- "White" - basically, use original texture colors only if the stuff fabric is cloth -->
					<weight>10</weight>
					<only>(255, 255, 255)</only>
				</li>
			</options>
		</colorGenerator>
	</ThingDef>

	<!-- Pioneer's Leather Dress -->
	<ThingDef ParentName="LisaMousekin_ApparelBase">
		<defName>LisaMousekin_ApparelPioneerDress</defName>
		<label>Mousekin Pioneer's Leather Dress</label>
		<description>Pioneer clothing was all about practicality and durability for a tough life on the frontier.</description>
		<graphicData>
			<texPath>Things/Pawn/Humanlike/Apparel/MousekinPioneerDress/MousekinPioneerDress</texPath>
			<graphicClass>Graphic_Single</graphicClass>
		</graphicData>
		<costStuffCount>60</costStuffCount>
		<stuffCategories Inherit="false">
			<!-- Inherit="false" ignores what the parent LisaMousekin_ApparelBase says for stuffCategories -->
			<li>Leathery</li>
		</stuffCategories>
		<statBases>
			<MaxHitPoints>200</MaxHitPoints>
			<WorkToMake>4000</WorkToMake>
			<Mass>1.75</Mass>
			<StuffEffectMultiplierArmor>0.2</StuffEffectMultiplierArmor>
			<StuffEffectMultiplierInsulation_Cold>0.45</StuffEffectMultiplierInsulation_Cold>
			<StuffEffectMultiplierInsulation_Heat>0.20</StuffEffectMultiplierInsulation_Heat>
			<EquipDelay>2</EquipDelay>
		</statBases>
		<equippedStatOffsets>
			<TrainAnimalChance>0.1</TrainAnimalChance>
			<TameAnimalChance>0.1</TameAnimalChance>
			<MoveSpeed>0.1</MoveSpeed>
		</equippedStatOffsets>
		<apparel>
			<bodyPartGroups>
				<li>Torso</li>
				<li>Shoulders</li>
				<li>Arms</li>
				<li>Legs</li>
			</bodyPartGroups>
			<wornGraphicPath>Things/Pawn/Humanlike/Apparel/MousekinPioneerDress/MousekinPioneerDress</wornGraphicPath>
			<layers>
				<li>OnSkin</li>
			</layers>
			<defaultOutfitTags>
				<li>Worker</li>
			</defaultOutfitTags>
			<gender>Female</gender>
		</apparel>
		<!-- Custom Mousekin Race mod comp to ignore apparel stuff color -->
		<comps>
			<li>
				<compClass>MousekinRace.CompApparelIgnoreStuffColor</compClass>
			</li>
		</comps>
	</ThingDef>

	<!-- Overalls -->
	<ThingDef ParentName="LisaMousekin_ApparelBase">
		<defName>LisaMousekin_ApparelOveralls</defName>
		<label>Mousekin Overalls</label>
		<description>Durable one-piece garment built for comfort and utility in manual labor.</description>
		<graphicData>
			<texPath>Things/Pawn/Humanlike/Apparel/MousekinOveralls/MousekinOveralls</texPath>
			<graphicClass>Graphic_Single</graphicClass>
		</graphicData>
		<costStuffCount>60</costStuffCount>
		<stuffCategories Inherit="false">
			<!-- Inherit="false" ignores what the parent LisaMousekin_ApparelBase says for stuffCategories -->
			<li>Leathery</li>
		</stuffCategories>
		<statBases>
			<MaxHitPoints>180</MaxHitPoints>
			<WorkToMake>4000</WorkToMake>
			<Mass>1.75</Mass>
			<StuffEffectMultiplierArmor>0.2</StuffEffectMultiplierArmor>
			<StuffEffectMultiplierInsulation_Cold>0.45</StuffEffectMultiplierInsulation_Cold>
			<StuffEffectMultiplierInsulation_Heat>0.20</StuffEffectMultiplierInsulation_Heat>
			<EquipDelay>5</EquipDelay>
		</statBases>
		<equippedStatOffsets>
			<MoveSpeed>0.1</MoveSpeed>
			<WorkSpeedGlobal>0.2</WorkSpeedGlobal>
			<CarryingCapacity>0.1</CarryingCapacity>
		</equippedStatOffsets>
		<apparel>
			<bodyPartGroups>
				<li>Torso</li>
				<li>Shoulders</li>
				<li>Legs</li>
			</bodyPartGroups>
			<wornGraphicPath>Things/Pawn/Humanlike/Apparel/MousekinOveralls/MousekinOveralls</wornGraphicPath>
			<layers>
				<li>Middle</li>
			</layers>
			<defaultOutfitTags>
				<li>Worker</li>
			</defaultOutfitTags>
		</apparel>
	</ThingDef>

	<!-- Short Leather Vest -->
	<ThingDef ParentName="LisaMousekin_ApparelBase">
		<defName>LisaMousekin_ApparelShortLeatherVest</defName>
		<label>Mousekin Short Leather Vest</label>
		<description>A rugged short jacket crafted from worn leather, adorned with fringe that dances with every move.</description>
		<graphicData>
			<texPath>Things/Pawn/Humanlike/Apparel/MousekinShortLeatherVest/MousekinShortLeatherVest</texPath>
			<graphicClass>Graphic_Single</graphicClass>
		</graphicData>
		<costStuffCount>25</costStuffCount>
		<stuffCategories Inherit="false">
			<!-- Inherit="false" ignores what the parent LisaMousekin_ApparelBase says for stuffCategories -->
			<li>Leathery</li>
		</stuffCategories>
		<statBases>
			<MaxHitPoints>100</MaxHitPoints>
			<WorkToMake>2000</WorkToMake>
			<Mass>1.0</Mass>
			<StuffEffectMultiplierArmor>0.2</StuffEffectMultiplierArmor>
			<StuffEffectMultiplierInsulation_Cold>0.20</StuffEffectMultiplierInsulation_Cold>
			<StuffEffectMultiplierInsulation_Heat>0.10</StuffEffectMultiplierInsulation_Heat>
			<EquipDelay>2</EquipDelay>
		</statBases>
		<equippedStatOffsets>
			<TrainAnimalChance>0.01</TrainAnimalChance>
			<TameAnimalChance>0.1</TameAnimalChance>
		</equippedStatOffsets>
		<apparel>
			<bodyPartGroups>
				<li>Torso</li>
				<li>Shoulders</li>
			</bodyPartGroups>
			<wornGraphicPath>Things/Pawn/Humanlike/Apparel/MousekinShortLeatherVest/MousekinShortLeatherVest</wornGraphicPath>
			<layers>
				<li>Middle</li>
			</layers>
			<defaultOutfitTags>
				<li>Worker</li>
			</defaultOutfitTags>
		</apparel>
		<!-- Custom Mousekin Race mod comp to ignore apparel stuff color -->
		<comps>
			<li>
				<compClass>MousekinRace.CompApparelIgnoreStuffColor</compClass>
			</li>
		</comps>
	</ThingDef>

	<!-- Fringed Leather Vest -->
	<ThingDef ParentName="LisaMousekin_ApparelBase">
		<defName>LisaMousekin_ApparelFringedLeatherVest</defName>
		<label>Mousekin Fringed Leather Vest</label>
		<description>A rugged jacket crafted from worn leather, adorned with fringe that dances with every move.</description>
		<graphicData>
			<texPath>Things/Pawn/Humanlike/Apparel/MousekinLeatherVest/MousekinLeatherVest</texPath>
			<graphicClass>Graphic_Single</graphicClass>
		</graphicData>
		<costStuffCount>40</costStuffCount>
		<stuffCategories Inherit="false">
			<!-- Inherit="false" ignores what the parent LisaMousekin_ApparelBase says for stuffCategories -->
			<li>Leathery</li>
		</stuffCategories>
		<statBases>
			<MaxHitPoints>100</MaxHitPoints>
			<WorkToMake>2000</WorkToMake>
			<Mass>1.0</Mass>
			<StuffEffectMultiplierArmor>0.2</StuffEffectMultiplierArmor>
			<StuffEffectMultiplierInsulation_Cold>0.20</StuffEffectMultiplierInsulation_Cold>
			<StuffEffectMultiplierInsulation_Heat>0.10</StuffEffectMultiplierInsulation_Heat>
			<EquipDelay>2</EquipDelay>
		</statBases>
		<equippedStatOffsets>
			<TrainAnimalChance>0.01</TrainAnimalChance>
			<TameAnimalChance>0.1</TameAnimalChance>
		</equippedStatOffsets>
		<apparel>
			<bodyPartGroups>
				<li>Torso</li>
				<li>Shoulders</li>
			</bodyPartGroups>
			<wornGraphicPath>Things/Pawn/Humanlike/Apparel/MousekinLeatherVest/MousekinLeatherVest</wornGraphicPath>
			<layers>
				<li>Middle</li>
			</layers>
			<defaultOutfitTags>
				<li>Worker</li>
			</defaultOutfitTags>
		</apparel>
		<!-- Custom Mousekin Race mod comp to ignore apparel stuff color -->
		<comps>
			<li>
				<compClass>MousekinRace.CompApparelIgnoreStuffColor</compClass>
			</li>
		</comps>
	</ThingDef>

	<!-- Shirt with buttons -->
	<ThingDef ParentName="LisaMousekin_ApparelBase">
		<defName>LisaMousekin_ApparelShirtWithButtons</defName>
		<label>Mousekin Shirt with Buttons</label>
		<description>A simple, short sleeved, button shirt.</description>
		<graphicData>
			<texPath>Things/Pawn/Humanlike/Apparel/MousekinShirtWithButtons/MousekinShirtWithButtons</texPath>
			<graphicClass>Graphic_Single</graphicClass>
			<!-- Ignores CutoutComplex setting from parent LisaMousekin_ApparelBase and Mousekin_ApparelMakeableBase, as the whole shirt should have its color changed (no need for mask graphics) -->
			<shaderType>Cutout</shaderType>
		</graphicData>
		<costStuffCount>40</costStuffCount>
		<statBases>
			<MaxHitPoints>180</MaxHitPoints>
			<WorkToMake>2000</WorkToMake>
			<Mass>1.0</Mass>
			<StuffEffectMultiplierArmor>0.2</StuffEffectMultiplierArmor>
			<StuffEffectMultiplierInsulation_Cold>0.20</StuffEffectMultiplierInsulation_Cold>
			<StuffEffectMultiplierInsulation_Heat>0.10</StuffEffectMultiplierInsulation_Heat>
			<EquipDelay>2</EquipDelay>
		</statBases>
		<equippedStatOffsets>
			<SocialImpact>.05</SocialImpact>
		</equippedStatOffsets>
		<apparel>
			<bodyPartGroups>
				<li>Torso</li>
				<li>Shoulders</li>
				<li>Arms</li>
			</bodyPartGroups>
			<wornGraphicPath>Things/Pawn/Humanlike/Apparel/MousekinShirtWithButtons/MousekinShirtWithButtons</wornGraphicPath>
			<!-- Whole shirt should have its color changed (no need for mask graphics) -->
			<useWornGraphicMask>false</useWornGraphicMask>
			<layers>
				<li>OnSkin</li>
			</layers>
			<defaultOutfitTags>
				<li>Worker</li>
			</defaultOutfitTags>
		</apparel>
		<!-- Random color generator (for cloth fabric type only) -->
		<colorGenerator Class="ColorGenerator_StandardApparel" />
	</ThingDef>

	<!-- Pants with belt -->
	<ThingDef ParentName="LisaMousekin_ApparelBase">
		<defName>LisaMousekin_ApparelPantsWithBelt</defName>
		<label>Mousekin Pants with Belt</label>
		<description>A worn in pair of trousers held in place by an old, leather belt.</description>
		<graphicData>
			<texPath>Things/Pawn/Humanlike/Apparel/MousekinPantsWithBelt/MousekinPantsWithBelt</texPath>
			<graphicClass>Graphic_Single</graphicClass>
		</graphicData>
		<costStuffCount>40</costStuffCount>
		<statBases>
			<MaxHitPoints>180</MaxHitPoints>
			<WorkToMake>2000</WorkToMake>
			<Mass>1.0</Mass>
			<StuffEffectMultiplierArmor>0.2</StuffEffectMultiplierArmor>
			<StuffEffectMultiplierInsulation_Cold>0.20</StuffEffectMultiplierInsulation_Cold>
			<StuffEffectMultiplierInsulation_Heat>0.10</StuffEffectMultiplierInsulation_Heat>
			<EquipDelay>2</EquipDelay>
		</statBases>
		<equippedStatOffsets>
			<MoveSpeed>0.1</MoveSpeed>
		</equippedStatOffsets>
		<apparel>
			<bodyPartGroups>
				<li>Legs</li>
			</bodyPartGroups>
			<wornGraphicPath>Things/Pawn/Humanlike/Apparel/MousekinPantsWithBelt/MousekinPantsWithBelt</wornGraphicPath>
			<layers>
				<li>OnSkin</li>
			</layers>
			<defaultOutfitTags>
				<li>Worker</li>
			</defaultOutfitTags>
		</apparel>
		<!-- Random color generator (for cloth fabric type only) -->
		<colorGenerator Class="ColorGenerator_StandardApparel" />
	</ThingDef>
	
	<!-- Bandana -->
	<ThingDef ParentName="LisaMousekin_ApparelBase">
		<defName>LisaMousekin_ApparelBandana</defName>
		<label>Mousekin Bandana</label>
		<description>Bandanas filter dust, shield wearers from the sun, and offers warm for those braving the harsh frontier.</description>
		<graphicData>
			<texPath>Things/Pawn/Humanlike/Apparel/MousekinCowboyBandana/MousekinCowboyBandana</texPath>
			<graphicClass>Graphic_Single</graphicClass>
			<!-- Ignores CutoutComplex setting from parent LisaMousekin_ApparelBase and Mousekin_ApparelMakeableBase, as the whole bandana should have its color changed (no need for mask graphics) -->
			<shaderType>Cutout</shaderType>
		</graphicData>
		<stuffCategories Inherit="false">
			<!-- Inherit="false" ignores what the parent LisaMousekin_ApparelBase says for stuffCategories -->
			<li>Fabric</li>
		</stuffCategories>
		<costStuffCount>15</costStuffCount>
		<statBases>
			<MaxHitPoints>180</MaxHitPoints>
			<WorkToMake>1000</WorkToMake>
			<Mass>.5</Mass>
			<StuffEffectMultiplierArmor>0.2</StuffEffectMultiplierArmor>
			<StuffEffectMultiplierInsulation_Cold>0.10</StuffEffectMultiplierInsulation_Cold>
			<StuffEffectMultiplierInsulation_Heat>0.20</StuffEffectMultiplierInsulation_Heat>
			<EquipDelay>2</EquipDelay>
		</statBases>
		<equippedStatOffsets>
			<ToxicEnvironmentResistance MayRequire="Ludeon.RimWorld.Biotech">0.35</ToxicEnvironmentResistance>
		</equippedStatOffsets>
		<apparel>
			<bodyPartGroups>
				<li>Neck</li>
			</bodyPartGroups>
			<wornGraphicPath>Things/Pawn/Humanlike/Apparel/MousekinCowboyBandana/MousekinCowboyBandana</wornGraphicPath>
			<!-- Whole bandana should have its color changed (no need for mask graphics) -->
			<useWornGraphicMask>false</useWornGraphicMask>
			<layers>
				<li>Middle</li>
			</layers>
			<drawData>
				<defaultData>
					<!-- Hacky way to make the bandana draw on top of vests, which are otherwise also on the Middle layer -->
					<layer>25</layer>
				</defaultData>
			</drawData>
			<defaultOutfitTags>
				<li>Worker</li>
			</defaultOutfitTags>
		</apparel>
		<!-- Random color generator (for cloth fabric type only) -->
		<colorGenerator Class="ColorGenerator_StandardApparel" />
	</ThingDef>
<!-- Belly Dancer Female Outfit -->
	<ThingDef ParentName="LisaMousekin_ApparelBase">
		<defName>LisaMousekin_ApparelBellyDancerFemaleOutfit</defName>
		<label>Mousekin Belly Dancer Outfit (Female)</label>
		<description>Flowing skirt, embellished top, and shimmering coins.</description>
		<graphicData>
			<texPath>Things/Pawn/Humanlike/Apparel/MousekinBellyDancerFemaleOutfit/MousekinBellyDancerFemaleOutfit</texPath>
			<graphicClass>Graphic_Single</graphicClass>
		</graphicData>
		<costStuffCount>60</costStuffCount>
		<statBases>
			<MaxHitPoints>180</MaxHitPoints>
			<WorkToMake>4000</WorkToMake>
			<Mass>1.75</Mass>
			<StuffEffectMultiplierArmor>0.2</StuffEffectMultiplierArmor>
			<StuffEffectMultiplierInsulation_Cold>0.20</StuffEffectMultiplierInsulation_Cold>
			<StuffEffectMultiplierInsulation_Heat>0.20</StuffEffectMultiplierInsulation_Heat>
			<EquipDelay>2</EquipDelay>
		</statBases>
		<equippedStatOffsets>
			<SocialImpact>0.2</SocialImpact>
		</equippedStatOffsets>
		<apparel>
			<bodyPartGroups>
				<li>Neck</li>
				<li>Torso</li>
				<li>Shoulders</li>
				<li>Arms</li>
				<li>Legs</li>
			</bodyPartGroups>
			<wornGraphicPath>Things/Pawn/Humanlike/Apparel/MousekinBellyDancerFemaleOutfit/MousekinBellyDancerFemaleOutfit</wornGraphicPath>
			<layers>
				<li>OnSkin</li>
			</layers>
			<defaultOutfitTags>
				<li>Worker</li>
			</defaultOutfitTags>
			<gender>Female</gender>
		</apparel>
		<!-- Color options (for cloth fabric type only) -->
		<colorGenerator Class="ColorGenerator_Options">
			<options>
				<li>
					<!-- "White" - basically, use original texture colors only if the stuff fabric is cloth -->
					<weight>10</weight>
					<only>(255, 255, 255)</only>
				</li>
			</options>
		</colorGenerator>
	</ThingDef>
<!-- Belly Dancer Male Outfit -->
	<ThingDef ParentName="LisaMousekin_ApparelBase">
		<defName>LisaMousekin_ApparelBellyDancerMaleOutfit</defName>
		<label>Mousekin Belly Dancer Outfit (Male)</label>
		<description>Flowing skirt, embellished top, and shimmering coins.</description>
		<graphicData>
			<texPath>Things/Pawn/Humanlike/Apparel/MousekinBellyDancerMaleOutfit/MousekinBellyDancerMaleOutfit</texPath>
			<graphicClass>Graphic_Single</graphicClass>
		</graphicData>
		<costStuffCount>60</costStuffCount>
		<statBases>
			<MaxHitPoints>180</MaxHitPoints>
			<WorkToMake>4000</WorkToMake>
			<Mass>1.75</Mass>
			<StuffEffectMultiplierArmor>0.2</StuffEffectMultiplierArmor>
			<StuffEffectMultiplierInsulation_Cold>0.20</StuffEffectMultiplierInsulation_Cold>
			<StuffEffectMultiplierInsulation_Heat>0.20</StuffEffectMultiplierInsulation_Heat>
			<EquipDelay>2</EquipDelay>
		</statBases>
		<equippedStatOffsets>
			<SocialImpact>0.2</SocialImpact>
		</equippedStatOffsets>
		<apparel>
			<bodyPartGroups>
				<li>Neck</li>
				<li>Torso</li>
				<li>Shoulders</li>
				<li>Arms</li>
				<li>Legs</li>
			</bodyPartGroups>
			<wornGraphicPath>Things/Pawn/Humanlike/Apparel/MousekinBellyDancerMaleOutfit/MousekinBellyDancerMaleOutfit</wornGraphicPath>
			<layers>
				<li>OnSkin</li>
			</layers>
			<defaultOutfitTags>
				<li>Worker</li>
			</defaultOutfitTags>
			<gender>Male</gender>
		</apparel>
		<!-- Color options (for cloth fabric type only) -->
		<colorGenerator Class="ColorGenerator_Options">
			<options>
				<li>
					<!-- "White" - basically, use original texture colors only if the stuff fabric is cloth -->
					<weight>10</weight>
					<only>(255, 255, 255)</only>
				</li>
			</options>
		</colorGenerator>
	</ThingDef>
<!-- Explorer Outfit -->
	<ThingDef ParentName="LisaMousekin_ApparelBase">
		<defName>LisaMousekin_ApparelExplorerOutfit</defName>
		<label>Mousekin Explorer Outfit</label>
		<description>Durable, functional attire designed for protection and mobility in rugged environments.</description>
		<graphicData>
			<texPath>Things/Pawn/Humanlike/Apparel/MousekinExplorerOutfit/MousekinExplorerOutfit</texPath>
			<graphicClass>Graphic_Single</graphicClass>
		</graphicData>
		<costStuffCount>60</costStuffCount>
		<statBases>
			<MaxHitPoints>180</MaxHitPoints>
			<WorkToMake>4000</WorkToMake>
			<Mass>1.75</Mass>
			<StuffEffectMultiplierArmor>0.2</StuffEffectMultiplierArmor>
			<StuffEffectMultiplierInsulation_Cold>0.35</StuffEffectMultiplierInsulation_Cold>
			<StuffEffectMultiplierInsulation_Heat>0.35</StuffEffectMultiplierInsulation_Heat>
			<EquipDelay>2</EquipDelay>
		</statBases>
		<equippedStatOffsets>
			<MoveSpeed>0.05</MoveSpeed>
			<MentalBreakThreshold>0.1</MentalBreakThreshold>
			<MinimumHandlingSkill>0.1</MinimumHandlingSkill>
			<TameAnimalChance>0.1</TameAnimalChance>
		</equippedStatOffsets>
		<apparel>
			<bodyPartGroups>
				<li>Torso</li>
				<li>Shoulders</li>
				<li>Arms</li>
				<li>Legs</li>
			</bodyPartGroups>
			<wornGraphicPath>Things/Pawn/Humanlike/Apparel/MousekinExplorerOutfit/MousekinExplorerOutfit</wornGraphicPath>
			<layers>
				<li>OnSkin</li>
			</layers>
			<defaultOutfitTags>
				<li>Worker</li>
			</defaultOutfitTags>
		</apparel>
		<!-- Custom Mousekin Race mod comp to ignore apparel stuff color -->
		<comps>
			<li>
				<compClass>MousekinRace.CompApparelIgnoreStuffColor</compClass>
			</li>
		</comps>
	</ThingDef>
<!-- Lab Coat -->
	<ThingDef ParentName="LisaMousekin_ApparelBase">
		<defName>LisaMousekin_ApparelLabCoat</defName>
		<label>Mousekin Lab Coat</label>
		<description>Knee-length coat worn for protection in laboratory or medical settings, often featuring pockets for tools and equipment.</description>
		<graphicData>
			<texPath>Things/Pawn/Humanlike/Apparel/MousekinLabCoat/MousekinLabCoat</texPath>
			<graphicClass>Graphic_Single</graphicClass>
		</graphicData>
		<costStuffCount>60</costStuffCount>
		<statBases>
			<MaxHitPoints>180</MaxHitPoints>
			<WorkToMake>4000</WorkToMake>
			<Mass>1.75</Mass>
			<StuffEffectMultiplierArmor>0.2</StuffEffectMultiplierArmor>
			<StuffEffectMultiplierInsulation_Cold>0.45</StuffEffectMultiplierInsulation_Cold>
			<StuffEffectMultiplierInsulation_Heat>0.20</StuffEffectMultiplierInsulation_Heat>
			<EquipDelay>2</EquipDelay>
		</statBases>
		<equippedStatOffsets>
			<ResearchSpeedFactor>0.1</ResearchSpeedFactor>
			<MedicalTendQualityOffset>0.1</MedicalTendQualityOffset>
		</equippedStatOffsets>
		<apparel>
			<bodyPartGroups>
				<li>Torso</li>
				<li>Shoulders</li>
				<li>Arms</li>
	
			</bodyPartGroups>
			<wornGraphicPath>Things/Pawn/Humanlike/Apparel/MousekinLabCoat/MousekinLabCoat</wornGraphicPath>
			<layers>
				<li>Middle</li>
			</layers>
			<defaultOutfitTags>
				<li>Worker</li>
			</defaultOutfitTags>
		</apparel>
		<!-- Custom Mousekin Race mod comp to ignore apparel stuff color -->
		<comps>
			<li>
				<compClass>MousekinRace.CompApparelIgnoreStuffColor</compClass>
			</li>
		</comps>
	</ThingDef>

<!-- Lumberjack Shirt -->
	<ThingDef ParentName="LisaMousekin_ApparelBase">
		<defName>LisaMousekin_ApparelLumberjackShirt</defName>
		<label>Mousekin Lumberjack Shirt</label>
		<description>Thick, plaid flannel shirt designed for warmth and durability in cold, rugged environments.</description>
		<graphicData>
			<texPath>Things/Pawn/Humanlike/Apparel/MousekinLumberjackShirt/MousekinLumberjackShirt</texPath>
			<graphicClass>Graphic_Single</graphicClass>
			<!-- Ignores CutoutComplex setting from parent LisaMousekin_ApparelBase and Mousekin_ApparelMakeableBase, as the whole shirt should have its color changed (no need for mask graphics) -->
			<shaderType>Cutout</shaderType>
		</graphicData>
		<costStuffCount>40</costStuffCount>
		<statBases>
			<MaxHitPoints>180</MaxHitPoints>
			<WorkToMake>2000</WorkToMake>
			<Mass>1.0</Mass>
			<StuffEffectMultiplierArmor>0.2</StuffEffectMultiplierArmor>
			<StuffEffectMultiplierInsulation_Cold>0.25</StuffEffectMultiplierInsulation_Cold>
			<StuffEffectMultiplierInsulation_Heat>0.10</StuffEffectMultiplierInsulation_Heat>
			<EquipDelay>2</EquipDelay>
		</statBases>
		<equippedStatOffsets>
			<PlantWorkSpeed>0.1</PlantWorkSpeed>
			<WorkSpeedGlobal>0.1</WorkSpeedGlobal>
		</equippedStatOffsets>
		<apparel>
			<bodyPartGroups>
				<li>Torso</li>
				<li>Shoulders</li>
				<li>Arms</li>
			</bodyPartGroups>
			<wornGraphicPath>Things/Pawn/Humanlike/Apparel/MousekinLumberjackShirt/MousekinLumberjackShirt</wornGraphicPath>
			<!-- Whole shirt should have its color changed (no need for mask graphics) -->
			<useWornGraphicMask>false</useWornGraphicMask>
			<layers>
				<li>OnSkin</li>
			</layers>
			<defaultOutfitTags>
				<li>Worker</li>
			</defaultOutfitTags>
		</apparel>
		<!-- Random color generator (for cloth fabric type only) -->
		<colorGenerator Class="ColorGenerator_StandardApparel" />
	</ThingDef>
<!-- Maid Uniform -->
	<ThingDef ParentName="LisaMousekin_ApparelBase">
		<defName>LisaMousekin_ApparelMaidUniform</defName>
		<label>Mousekin Maid Uniform</label>
		<description>Typically a knee-length dress or apron with matching cap, worn by domestic staff for practicality and identification.</description>
		<graphicData>
			<texPath>Things/Pawn/Humanlike/Apparel/MousekinMaidUniform/MousekinMaidUniform</texPath>
			<graphicClass>Graphic_Single</graphicClass>
		</graphicData>
		<costStuffCount>60</costStuffCount>
		<statBases>
			<MaxHitPoints>180</MaxHitPoints>
			<WorkToMake>4000</WorkToMake>
			<Mass>1.75</Mass>
			<StuffEffectMultiplierArmor>0.2</StuffEffectMultiplierArmor>
			<StuffEffectMultiplierInsulation_Cold>0.40</StuffEffectMultiplierInsulation_Cold>
			<StuffEffectMultiplierInsulation_Heat>0.20</StuffEffectMultiplierInsulation_Heat>
			<EquipDelay>2</EquipDelay>
		</statBases>
		<equippedStatOffsets>
			<MoveSpeed>0.1</MoveSpeed>
			<MentalBreakThreshold>0.1</MentalBreakThreshold>
			<WorkSpeedGlobal>0.1</WorkSpeedGlobal>
			<SocialImpact>-0.1</SocialImpact>
			<NegotiationAbility>-0.1</NegotiationAbility>
		</equippedStatOffsets>
		<apparel>
			<bodyPartGroups>
				<li>Torso</li>
				<li>Shoulders</li>
				<li>Arms</li>
				<li>Legs</li>
			</bodyPartGroups>
			<wornGraphicPath>Things/Pawn/Humanlike/Apparel/MousekinMaidUniform/MousekinMaidUniform</wornGraphicPath>
			<layers>
				<li>OnSkin</li>
			</layers>
			<defaultOutfitTags>
				<li>Worker</li>
			</defaultOutfitTags>
			<gender>Female</gender>
		</apparel>
		<!-- Custom Mousekin Race mod comp to ignore apparel stuff color -->
		<comps>
			<li>
				<compClass>MousekinRace.CompApparelIgnoreStuffColor</compClass>
			</li>
		</comps>
	</ThingDef>
<!-- Chef Neckerchief -->
	<ThingDef ParentName="LisaMousekin_ApparelBase">
		<defName>LisaMousekin_ApparelNeckerchief</defName>
		<label>Mousekin Chef Neckerchief</label>
		<description>Triangular cloth worn around the neck by chefs to absorb sweat and maintain hygiene in the kitchen.</description>
		<graphicData>
			<texPath>Things/Pawn/Humanlike/Apparel/MousekinNeckerchief/MousekinNeckerchief</texPath>
			<graphicClass>Graphic_Single</graphicClass>
			<!-- Ignores CutoutComplex setting from parent LisaMousekin_ApparelBase and Mousekin_ApparelMakeableBase, as the whole bandana should have its color changed (no need for mask graphics) -->
			<shaderType>Cutout</shaderType>
		</graphicData>
		<stuffCategories Inherit="false">
			<!-- Inherit="false" ignores what the parent LisaMousekin_ApparelBase says for stuffCategories -->
			<li>Fabric</li>
		</stuffCategories>
		<costStuffCount>15</costStuffCount>
		<statBases>
			<MaxHitPoints>180</MaxHitPoints>
			<WorkToMake>1000</WorkToMake>
			<Mass>0.5</Mass>
			<StuffEffectMultiplierArmor>0.2</StuffEffectMultiplierArmor>
			<StuffEffectMultiplierInsulation_Cold>0.10</StuffEffectMultiplierInsulation_Cold>
			<StuffEffectMultiplierInsulation_Heat>0.20</StuffEffectMultiplierInsulation_Heat>
			<EquipDelay>2</EquipDelay>
		</statBases>
		<equippedStatOffsets>
			<WorkSpeedGlobal>0.05</WorkSpeedGlobal>
		</equippedStatOffsets>
		<apparel>
			<bodyPartGroups>
				<li>Neck</li>
			</bodyPartGroups>
			<wornGraphicPath>Things/Pawn/Humanlike/Apparel/MousekinNeckerchief/MousekinNeckerchief</wornGraphicPath>
			<!-- Whole bandana should have its color changed (no need for mask graphics) -->
			<useWornGraphicMask>false</useWornGraphicMask>
			<layers>
				<li>Middle</li>
			</layers>
			<drawData>
				<defaultData>
					<!-- Hacky way to make the bandana draw on top of vests, which are otherwise also on the Middle layer -->
					<layer>25</layer>
				</defaultData>
			</drawData>
			<defaultOutfitTags>
				<li>Worker</li>
			</defaultOutfitTags>
		</apparel>
		<!-- Random color generator (for cloth fabric type only) -->
		<colorGenerator Class="ColorGenerator_StandardApparel" />
	</ThingDef>

<!-- Turtleneck Shirt -->
	<ThingDef ParentName="LisaMousekin_ApparelBase">
		<defName>LisaMousekin_ApparelTurtleneckShirt</defName>
		<label>Mousekin Turtleneck Shirt</label>
		<description>High-necked, close-fitting shirt designed to cover the neck and provide warmth.</description>
		<graphicData>
			<texPath>Things/Pawn/Humanlike/Apparel/MousekinTurtleneckShirt/MousekinTurtleneckShirt</texPath>
			<graphicClass>Graphic_Single</graphicClass>
			<!-- Ignores CutoutComplex setting from parent LisaMousekin_ApparelBase and Mousekin_ApparelMakeableBase, as the whole shirt should have its color changed (no need for mask graphics) -->
			<shaderType>Cutout</shaderType>
		</graphicData>
		<costStuffCount>40</costStuffCount>
		<statBases>
			<MaxHitPoints>180</MaxHitPoints>
			<WorkToMake>2000</WorkToMake>
			<Mass>1.0</Mass>
			<StuffEffectMultiplierArmor>0.2</StuffEffectMultiplierArmor>
			<StuffEffectMultiplierInsulation_Cold>0.25</StuffEffectMultiplierInsulation_Cold>
			<StuffEffectMultiplierInsulation_Heat>0.10</StuffEffectMultiplierInsulation_Heat>
			<EquipDelay>2</EquipDelay>
		</statBases>
		<equippedStatOffsets>
			<SocialImpact>0.05</SocialImpact>
			<WorkSpeedGlobal>0.1</WorkSpeedGlobal>
		</equippedStatOffsets>
		<apparel>
			<bodyPartGroups>
				<li>Torso</li>
				<li>Shoulders</li>
				<li>Arms</li>
			</bodyPartGroups>
			<wornGraphicPath>Things/Pawn/Humanlike/Apparel/MousekinTurtleneckShirt/MousekinTurtleneckShirt</wornGraphicPath>
			<!-- Whole shirt should have its color changed (no need for mask graphics) -->
			<useWornGraphicMask>false</useWornGraphicMask>
			<layers>
				<li>OnSkin</li>
			</layers>
			<defaultOutfitTags>
				<li>Worker</li>
			</defaultOutfitTags>
		</apparel>
		<!-- Random color generator (for cloth fabric type only) -->
		<colorGenerator Class="ColorGenerator_StandardApparel" />
	</ThingDef>

<!-- Stethoscope -->
	<ThingDef ParentName="LisaMousekin_ApparelBase">
		<defName>LisaMousekin_ApparelStethoscope</defName>
		<label>Mousekin Stethoscope</label>
		<description>A medical instrument used to listen to internal sounds of the body, such as heartbeats and breathing.</description>
		<graphicData>
			<texPath>Things/Pawn/Humanlike/Apparel/MousekinStethoscope/MousekinStethoscope</texPath>
			<graphicClass>Graphic_Single</graphicClass>
			<!-- Ignores CutoutComplex setting from parent LisaMousekin_ApparelBase and Mousekin_ApparelMakeableBase, as the whole bandana should have its color changed (no need for mask graphics) -->
			<shaderType>Cutout</shaderType>
		</graphicData>
		<stuffCategories Inherit="false">
			<!-- Inherit="false" ignores what the parent LisaMousekin_ApparelBase says for stuffCategories -->
			<li>Fabric</li>
		</stuffCategories>
		<costStuffCount>15</costStuffCount>
		<statBases>
			<MaxHitPoints>180</MaxHitPoints>
			<WorkToMake>1000</WorkToMake>
			<Mass>0.5</Mass>
			<StuffEffectMultiplierArmor>0.2</StuffEffectMultiplierArmor>
			<StuffEffectMultiplierInsulation_Cold>0.05</StuffEffectMultiplierInsulation_Cold>
			<StuffEffectMultiplierInsulation_Heat>0.05</StuffEffectMultiplierInsulation_Heat>
			<EquipDelay>2</EquipDelay>
		</statBases>
		<equippedStatOffsets>
			<SurgerySuccessChance>0.1</SurgerySuccessChance>
		</equippedStatOffsets>
		<apparel>
			<bodyPartGroups>
				<li>Neck</li>
			</bodyPartGroups>
			<wornGraphicPath>Things/Pawn/Humanlike/Apparel/MousekinStethoscope/MousekinStethoscope</wornGraphicPath>
			<layers>
				<li>Middle</li>
			</layers>
			<drawData>
				<defaultData>
					<!-- Hacky way to make the bandana draw on top of vests, which are otherwise also on the Middle layer -->
					<layer>25</layer>
				</defaultData>
			</drawData>
			<defaultOutfitTags>
				<li>Worker</li>
			</defaultOutfitTags>
		</apparel>
		<!-- Custom Mousekin Race mod comp to ignore apparel stuff color -->
		<comps>
			<li>
				<compClass>MousekinRace.CompApparelIgnoreStuffColor</compClass>
			</li>
		</comps>
	</ThingDef>
<!-- Shirt and Tie -->
	<ThingDef ParentName="LisaMousekin_ApparelBase">
		<defName>LisaMousekin_ApparelShirtAndTie</defName>
		<label>Mousekin Shirt And Tie</label>
		<description>A crisp shirt and knotted tie typically signify formality, professionalism, and a polished appearance.</description>
		<graphicData>
			<texPath>Things/Pawn/Humanlike/Apparel/MousekinShirtAndTie/MousekinShirtAndTie</texPath>
			<graphicClass>Graphic_Single</graphicClass>
			<!-- Ignores CutoutComplex setting from parent LisaMousekin_ApparelBase and Mousekin_ApparelMakeableBase, as the whole shirt should have its color changed (no need for mask graphics) -->
			<shaderType>Cutout</shaderType>
		</graphicData>
		<costStuffCount>40</costStuffCount>
		<statBases>
			<MaxHitPoints>180</MaxHitPoints>
			<WorkToMake>2000</WorkToMake>
			<Mass>1.0</Mass>
			<StuffEffectMultiplierArmor>0.2</StuffEffectMultiplierArmor>
			<StuffEffectMultiplierInsulation_Cold>0.20</StuffEffectMultiplierInsulation_Cold>
			<StuffEffectMultiplierInsulation_Heat>0.10</StuffEffectMultiplierInsulation_Heat>
			<EquipDelay>2</EquipDelay>
		</statBases>
		<equippedStatOffsets>
			<ResearchSpeedFactor>0.1</ResearchSpeedFactor>
			<SocialImpact>0.05</SocialImpact>
		</equippedStatOffsets>
		<apparel>
			<bodyPartGroups>
				<li>Torso</li>
				<li>Shoulders</li>
				<li>Arms</li>
			</bodyPartGroups>
			<wornGraphicPath>Things/Pawn/Humanlike/Apparel/MousekinShirtAndTie/MousekinShirtAndTie</wornGraphicPath>
			
			<layers>
				<li>OnSkin</li>
			</layers>
			<defaultOutfitTags>
				<li>Worker</li>
			</defaultOutfitTags>
		</apparel>
		<!-- Color options (for cloth fabric type only) -->
		<colorGenerator Class="ColorGenerator_Options">
			<options>
				<li>
					<!-- "White" - basically, use original texture colors only if the stuff fabric is cloth -->
					<weight>10</weight>
					<only>(255, 255, 255)</only>
				</li>
			</options>
		</colorGenerator>
	</ThingDef>
<!-- Aviator Outfit -->
	<ThingDef ParentName="LisaMousekin_ApparelBase">
		<defName>LisaMousekin_ApparelAviatorOutfit</defName>
		<label>Mousekin Aviator Outfit</label>
		<description>Sleek leather jacket, aviator glasses, and confident demeanor exuding cool and rebellious spirit.</description>
		<graphicData>
			<texPath>Things/Pawn/Humanlike/Apparel/MousekinAviatorOutfit/MousekinAviatorOutfit</texPath>
			<graphicClass>Graphic_Single</graphicClass>
		</graphicData>
		<costStuffCount>60</costStuffCount>
		<statBases>
			<MaxHitPoints>180</MaxHitPoints>
			<WorkToMake>4000</WorkToMake>
			<Mass>1.75</Mass>
			<StuffEffectMultiplierArmor>0.2</StuffEffectMultiplierArmor>
			<StuffEffectMultiplierInsulation_Cold>0.45</StuffEffectMultiplierInsulation_Cold>
			<StuffEffectMultiplierInsulation_Heat>0.20</StuffEffectMultiplierInsulation_Heat>
			<EquipDelay>2</EquipDelay>
		</statBases>
		<equippedStatOffsets>
			<MentalBreakThreshold>0.1</MentalBreakThreshold>
			<TradePriceImprovement>0.1</TradePriceImprovement>
			<SocialImpact>0.1</SocialImpact>
		</equippedStatOffsets>
		<apparel>
			<bodyPartGroups>
				<li>Torso</li>
				<li>Shoulders</li>
				<li>Arms</li>
				<li>Legs</li>
			</bodyPartGroups>
			<wornGraphicPath>Things/Pawn/Humanlike/Apparel/MousekinAviatorOutfit/MousekinAviatorOutfit</wornGraphicPath>
			<layers>
				<li>OnSkin</li>
			</layers>
			<defaultOutfitTags>
				<li>Worker</li>
			</defaultOutfitTags>
		</apparel>
		<!-- Custom Mousekin Race mod comp to ignore apparel stuff color -->
		<comps>
			<li>
				<compClass>MousekinRace.CompApparelIgnoreStuffColor</compClass>
			</li>
		</comps>
	</ThingDef>

</Defs>