<?xml version="1.0" encoding="UTF-8"?>
<Defs>

	<ThingDef Name="LisaMousekin_ApparelBase" ParentName="Mousekin_ApparelMakeableBase" Abstract="True">
		<stuffCategories>
			<li>Fabric</li>
			<li>Leathery</li>
		</stuffCategories>
		<recipeMaker>
			<researchPrerequisite>ComplexClothing</researchPrerequisite>
			<recipeUsers>
				<!-- Mousekin_WorkbenchTailor inherited from Mousekin_ApparelMakeableBase -->
				<li>ElectricTailoringBench</li>
				<li>HandTailoringBench</li>
			</recipeUsers>
		</recipeMaker>
	</ThingDef>
	
	<ThingDef Name="LisaMousekin_HatBase" ParentName="Mousekin_HatMakeableBase" Abstract="True">
		<stuffCategories>
			<li>Fabric</li>
			<li>Leathery</li>
		</stuffCategories>
		<recipeMaker>
			<researchPrerequisite>ComplexClothing</researchPrerequisite>
			<recipeUsers>
				<!-- Mousekin_WorkbenchTailor inherited from Mousekin_ApparelMakeableBase -->
				<li>ElectricTailoringBench</li>
				<li>HandTailoringBench</li>
			</recipeUsers>
		</recipeMaker>
	</ThingDef>
	
</Defs>