<?xml version="1.0" encoding="UTF-8"?>
<Defs>

	<!-- Nurse's cap -->
	<ThingDef ParentName="LisaMousekin_HatBase">
		<defName>LisaMousekin_ApparelNurseHat</defName>
		<label>Mousekin Nurse's Cap</label>
		<description>A traditional part of a female nurse's uniform, originally intended to keep hair neat and present a modest appearance.</description>
		<graphicData>
			<texPath>Things/Pawn/Humanlike/Apparel/MousekinNurseHat/MousekinNurseHat</texPath>
			<graphicClass>Graphic_Single</graphicClass>
		</graphicData>
		<costStuffCount>20</costStuffCount>
		<statBases>
			<MaxHitPoints>80</MaxHitPoints>
			<WorkToMake>500</WorkToMake>
			<Mass>0.1</Mass>
			<StuffEffectMultiplierArmor>0.02</StuffEffectMultiplierArmor>
			<StuffEffectMultiplierInsulation_Cold>.25</StuffEffectMultiplierInsulation_Cold>
			<StuffEffectMultiplierInsulation_Heat>.25</StuffEffectMultiplierInsulation_Heat>
			<EquipDelay>1</EquipDelay>
		</statBases>
		<equippedStatOffsets>
			<MedicalTendQualityOffset>.10</MedicalTendQualityOffset>
		</equippedStatOffsets>
		<apparel>
			<bodyPartGroups>
				<li>UpperHead</li>
			</bodyPartGroups>
			<wornGraphicPath>Things/Pawn/Humanlike/Apparel/MousekinNurseHat/MousekinNurseHat</wornGraphicPath>
			<layers>
				<li>Overhead</li>
			</layers>
			<renderSkipFlags>
				<li>None</li>
			</renderSkipFlags>
			<defaultOutfitTags>
				<li>Worker</li>
			</defaultOutfitTags>
			<gender>Female</gender>
		</apparel>
		<!-- Custom Mousekin Race mod comp to ignore apparel stuff color -->
		<comps>
			<li>
				<compClass>MousekinRace.CompApparelIgnoreStuffColor</compClass>
			</li>
		</comps>
	</ThingDef>
	
	<!-- Chef's Toque -->
	<ThingDef ParentName="LisaMousekin_HatBase">
		<defName>LisaMousekin_ApparelChefHat</defName>
		<label>Mousekin Chef's Toque</label>
		<description>Toques prevent hair and sweat from contaminating food. White is the preferred color because it's easy to see if it's dirty.</description>
		<graphicData>
			<texPath>Things/Pawn/Humanlike/Apparel/MousekinChefHat/MousekinChefHat</texPath>
			<graphicClass>Graphic_Single</graphicClass>
		</graphicData>
		<costStuffCount>30</costStuffCount>
		<statBases>
			<MaxHitPoints>75</MaxHitPoints>
			<WorkToMake>500</WorkToMake>
			<Mass>0.1</Mass>
			<StuffEffectMultiplierArmor>0.2</StuffEffectMultiplierArmor>
			<StuffEffectMultiplierInsulation_Cold>0.25</StuffEffectMultiplierInsulation_Cold>
			<StuffEffectMultiplierInsulation_Heat>0.10</StuffEffectMultiplierInsulation_Heat>
			<EquipDelay>1</EquipDelay>
		</statBases>
		<equippedStatOffsets>
			<CookSpeed>.05</CookSpeed>
		</equippedStatOffsets>
		<apparel>
			<bodyPartGroups>
				<li>UpperHead</li>
			</bodyPartGroups>
			<wornGraphicPath>Things/Pawn/Humanlike/Apparel/MousekinChefHat/MousekinChefHat</wornGraphicPath>
			<layers>
				<li>Overhead</li>
			</layers>
			<renderSkipFlags>
				<li>None</li>
			</renderSkipFlags>
			<defaultOutfitTags>
				<li>Worker</li>
			</defaultOutfitTags>
		</apparel>
		<!-- Custom Mousekin Race mod comp to ignore apparel stuff color -->
		<comps>
			<li>
				<compClass>MousekinRace.CompApparelIgnoreStuffColor</compClass>
			</li>
		</comps>
	</ThingDef>
	
	<!-- 10-Gallon (Cowboy) Hat -->
	<ThingDef ParentName="LisaMousekin_HatBase">
		<defName>LisaMousekin_ApparelCowboyHat</defName>
		<label>Mousekin 10-Gallon Hat</label>
		<description>The wide brim and high crown of the hat protects the face and head from the sun, rain, and wind.</description>
		<graphicData>
			<texPath>Things/Pawn/Humanlike/Apparel/MousekinCowboyHat/MousekinCowboyHat</texPath>
			<graphicClass>Graphic_Single</graphicClass>
			<!-- Ignores CutoutComplex setting from parent LisaMousekin_HatBase and Mousekin_HatMakeableBase, as the whole hat should have its color changed by stuff color (no need for mask graphics) -->
			<shaderType>Cutout</shaderType>
		</graphicData>
		<costStuffCount>30</costStuffCount>
		<stuffCategories Inherit="false">
			<!-- Inherit="false" ignores what the parent LisaMousekin_ApparelBase says for stuffCategories -->
			<li>Leathery</li>
		</stuffCategories>
		<statBases>
			<MaxHitPoints>75</MaxHitPoints>
			<WorkToMake>500</WorkToMake>
			<Mass>0.1</Mass>
			<StuffEffectMultiplierArmor>0.2</StuffEffectMultiplierArmor>
			<StuffEffectMultiplierInsulation_Cold>0.25</StuffEffectMultiplierInsulation_Cold>
			<StuffEffectMultiplierInsulation_Heat>0.25</StuffEffectMultiplierInsulation_Heat>
			<EquipDelay>1</EquipDelay>
		</statBases>
		<equippedStatOffsets>
			<TrainAnimalChance>0.1</TrainAnimalChance>
		</equippedStatOffsets>
		<apparel>
			<bodyPartGroups>
				<li>UpperHead</li>
			</bodyPartGroups>
			<wornGraphicPath>Things/Pawn/Humanlike/Apparel/MousekinCowboyHat/MousekinCowboyHat</wornGraphicPath>
			<!-- Whole hat should have leather stuff color (no need for mask graphics) -->
			<useWornGraphicMask>false</useWornGraphicMask>
			<layers>
				<li>Overhead</li>
			</layers>
			<renderSkipFlags>
				<li>None</li>
			</renderSkipFlags>
			<defaultOutfitTags>
				<li>Worker</li>
			</defaultOutfitTags>
		</apparel>
	</ThingDef>
<!-- Beret Hat -->
	<ThingDef ParentName="LisaMousekin_HatBase">
		<defName>LisaMousekin_ApparelBeretHat</defName>
		<label>Mousekin Beret</label>
		<description>Soft, circular cap worn tilted for style or warmth.</description>
		<graphicData>
			<texPath>Things/Pawn/Humanlike/Apparel/MousekinBeretHat/MousekinBeretHat</texPath>
			<graphicClass>Graphic_Single</graphicClass>
			<!-- Ignores CutoutComplex setting from parent LisaMousekin_HatBase and Mousekin_HatMakeableBase, as the whole hat should have its color changed by stuff color (no need for mask graphics) -->
			<shaderType>Cutout</shaderType>
		</graphicData>
		<costStuffCount>30</costStuffCount>
		<stuffCategories Inherit="false">
			<!-- Inherit="false" ignores what the parent LisaMousekin_ApparelBase says for stuffCategories -->
			<li>Leathery</li>
		</stuffCategories>
		<statBases>
			<MaxHitPoints>75</MaxHitPoints>
			<WorkToMake>500</WorkToMake>
			<Mass>0.1</Mass>
			<StuffEffectMultiplierArmor>0.2</StuffEffectMultiplierArmor>
			<StuffEffectMultiplierInsulation_Cold>0.25</StuffEffectMultiplierInsulation_Cold>
			<StuffEffectMultiplierInsulation_Heat>0.25</StuffEffectMultiplierInsulation_Heat>
			<EquipDelay>1</EquipDelay>
		</statBases>
		<equippedStatOffsets>
			<SocialImpact>0.1</SocialImpact>
		</equippedStatOffsets>
		<apparel>
			<bodyPartGroups>
				<li>UpperHead</li>
			</bodyPartGroups>
			<wornGraphicPath>Things/Pawn/Humanlike/Apparel/MousekinBeretHat/MousekinBeretHat</wornGraphicPath>
			<!-- Whole hat should have leather stuff color (no need for mask graphics) -->
			<useWornGraphicMask>false</useWornGraphicMask>
			<layers>
				<li>Overhead</li>
			</layers>
			<renderSkipFlags>
				<li>None</li>
			</renderSkipFlags>
			<defaultOutfitTags>
				<li>Worker</li>
			</defaultOutfitTags>
		</apparel>
	</ThingDef>

<!-- Doctor Hat -->
	<ThingDef ParentName="LisaMousekin_HatBase">
		<defName>LisaMousekin_ApparelDoctorHat</defName>
		<label>Mousekin Doctor's Head Mirror</label>
		<description>Circular mirror attached to a headband, reflecting light into the eyes, nose, and throat for examination.</description>
		<graphicData>
			<texPath>Things/Pawn/Humanlike/Apparel/MousekinDoctorHat/MousekinDoctorHat</texPath>
			<graphicClass>Graphic_Single</graphicClass>
		</graphicData>
		<costStuffCount>25</costStuffCount>
		<statBases>
			<MaxHitPoints>75</MaxHitPoints>
			<WorkToMake>500</WorkToMake>
			<Mass>0.1</Mass>
			<StuffEffectMultiplierArmor>0.02</StuffEffectMultiplierArmor>
			<StuffEffectMultiplierInsulation_Cold>0.10</StuffEffectMultiplierInsulation_Cold>
			<StuffEffectMultiplierInsulation_Heat>0.10</StuffEffectMultiplierInsulation_Heat>
			<EquipDelay>1</EquipDelay>
		</statBases>
		<equippedStatOffsets>
			<SurgerySuccessChanceFactor>0.1</SurgerySuccessChanceFactor>
		</equippedStatOffsets>
		<apparel>
			<bodyPartGroups>
				<li>UpperHead</li>
			</bodyPartGroups>
			<wornGraphicPath>Things/Pawn/Humanlike/Apparel/MousekinDoctorHat/MousekinDoctorHat</wornGraphicPath>
			<layers>
				<li>Overhead</li>
			</layers>
			<renderSkipFlags>
				<li>None</li>
			</renderSkipFlags>
			<defaultOutfitTags>
				<li>Worker</li>
			</defaultOutfitTags>
		</apparel>
		<!-- Custom Mousekin Race mod comp to ignore apparel stuff color -->
		<comps>
			<li>
				<compClass>MousekinRace.CompApparelIgnoreStuffColor</compClass>
			</li>
		</comps>
	</ThingDef>
	<!-- Executioner Hood -->
	<ThingDef ParentName="LisaMousekin_HatBase">
		<defName>LisaMousekin_ApparelExecutionerHood</defName>
		<label>Mousekin Executioner Hood</label>
		<description>Enveloping head covering worn to conceal identity during executions.</description>
		<graphicData>
			<texPath>Things/Pawn/Humanlike/Apparel/MousekinExecutionerHood/MousekinExecutionerHood</texPath>
			<graphicClass>Graphic_Single</graphicClass>
		</graphicData>
		<costStuffCount>40</costStuffCount>
		<statBases>
			<MaxHitPoints>75</MaxHitPoints>
			<WorkToMake>500</WorkToMake>
			<Mass>0.1</Mass>
			<StuffEffectMultiplierArmor>0.02</StuffEffectMultiplierArmor>
			<StuffEffectMultiplierInsulation_Cold>0.35</StuffEffectMultiplierInsulation_Cold>
			<StuffEffectMultiplierInsulation_Heat>0.10</StuffEffectMultiplierInsulation_Heat>
			<EquipDelay>1</EquipDelay>
		</statBases>
		<equippedStatOffsets>
			<MentalBreakThreshold>0.1</MentalBreakThreshold>
			<ArrestSuccessChance>0.1</ArrestSuccessChance>
			<SuppressionPower>0.20</SuppressionPower>
			<SharpDamageMultiplier>0.1</SharpDamageMultiplier>
		</equippedStatOffsets>
		<apparel>
			<bodyPartGroups>
				<li>UpperHead</li>
			</bodyPartGroups>
			<wornGraphicPath>Things/Pawn/Humanlike/Apparel/MousekinExecutionerHood/MousekinExecutionerHood</wornGraphicPath>
			<layers>
				<li>Overhead</li>
			</layers>
			<renderSkipFlags>
				<li>None</li>
			</renderSkipFlags>
			<defaultOutfitTags>
				<li>Worker</li>
			</defaultOutfitTags>
		</apparel>
		<!-- Custom Mousekin Race mod comp to ignore apparel stuff color -->
		<comps>
			<li>
				<compClass>MousekinRace.CompApparelIgnoreStuffColor</compClass>
			</li>
		</comps>
	</ThingDef>
<!-- Explorer Hat -->
	<ThingDef ParentName="LisaMousekin_HatBase">
		<defName>LisaMousekin_ApparelExplorerHat</defName>
		<label>Mousekin Safari Hat</label>
		<description>Wide-brimmed hat with ventilation designed to protect the head and face from sun exposure in warm climates.</description>
		<graphicData>
			<texPath>Things/Pawn/Humanlike/Apparel/MousekinExplorerHat/MousekinExplorerHat</texPath>
			<graphicClass>Graphic_Single</graphicClass>
		</graphicData>
		<costStuffCount>30</costStuffCount>
		<statBases>
			<MaxHitPoints>75</MaxHitPoints>
			<WorkToMake>500</WorkToMake>
			<Mass>0.1</Mass>
			<StuffEffectMultiplierArmor>0.02</StuffEffectMultiplierArmor>
			<StuffEffectMultiplierInsulation_Cold>0.20</StuffEffectMultiplierInsulation_Cold>
			<StuffEffectMultiplierInsulation_Heat>0.15</StuffEffectMultiplierInsulation_Heat>
			<EquipDelay>1</EquipDelay>
		</statBases>
		<equippedStatOffsets>
			<TameAnimalChance>0.1</TameAnimalChance>
			<MinimumHandlingSkill>0.05</MinimumHandlingSkill>
			<HuntingStealth>0.05</HuntingStealth>
		</equippedStatOffsets>
		<apparel>
			<bodyPartGroups>
				<li>UpperHead</li>
			</bodyPartGroups>
			<wornGraphicPath>Things/Pawn/Humanlike/Apparel/MousekinExplorerHat/MousekinExplorerHat</wornGraphicPath>
			<layers>
				<li>Overhead</li>
			</layers>
			<renderSkipFlags>
				<li>None</li>
			</renderSkipFlags>
			<defaultOutfitTags>
				<li>Worker</li>
			</defaultOutfitTags>
		</apparel>
		<!-- Custom Mousekin Race mod comp to ignore apparel stuff color -->
		<comps>
			<li>
				<compClass>MousekinRace.CompApparelIgnoreStuffColor</compClass>
			</li>
		</comps>
	</ThingDef>
<!-- MaidHat -->
	<ThingDef ParentName="LisaMousekin_HatBase">
		<defName>LisaMousekin_ApparelMaidHat</defName>
		<label>Mousekin Maid Headband</label>
		<description>Simple, often white headband worn by maids to keep hair tidy during work.</description>
		<graphicData>
			<texPath>Things/Pawn/Humanlike/Apparel/MousekinMaidHat/MousekinMaidHat</texPath>
			<graphicClass>Graphic_Single</graphicClass>
		</graphicData>
		<costStuffCount>15</costStuffCount>
		<statBases>
			<MaxHitPoints>75</MaxHitPoints>
			<WorkToMake>500</WorkToMake>
			<Mass>0.1</Mass>
			<StuffEffectMultiplierArmor>0.02</StuffEffectMultiplierArmor>
			<StuffEffectMultiplierInsulation_Cold>0.25</StuffEffectMultiplierInsulation_Cold>
			<StuffEffectMultiplierInsulation_Heat>0.10</StuffEffectMultiplierInsulation_Heat>
			<EquipDelay>1</EquipDelay>
		</statBases>
		<equippedStatOffsets>
			<WorkSpeedGlobal>0.1</WorkSpeedGlobal>
			<MoveSpeed>0.1</MoveSpeed>
			<SocialImpact>-0.05</SocialImpact>
		</equippedStatOffsets>
		<apparel>
			<bodyPartGroups>
				<li>UpperHead</li>
			</bodyPartGroups>
			<wornGraphicPath>Things/Pawn/Humanlike/Apparel/MousekinMaidHat/MousekinMaidHat</wornGraphicPath>
			<layers>
				<li>Overhead</li>
			</layers>
			<renderSkipFlags>
				<li>None</li>
			</renderSkipFlags>
			<defaultOutfitTags>
				<li>Worker</li>
			</defaultOutfitTags>
		</apparel>
		<!-- Custom Mousekin Race mod comp to ignore apparel stuff color -->
		<comps>
			<li>
				<compClass>MousekinRace.CompApparelIgnoreStuffColor</compClass>
			</li>
		</comps>
	</ThingDef>


<!-- Belly Dancer Male Hat -->
	<ThingDef ParentName="LisaMousekin_HatBase">
		<defName>LisaMousekin_ApparelBellyDancerMaleHat</defName>
		<label>Mousekin Belly Dancer Turban</label>
		<description>Fine fabric worn on the head to create visual allure.</description>
		<graphicData>
			<texPath>Things/Pawn/Humanlike/Apparel/MousekinBellyDancerMaleHat/MousekinBellyDancerMaleHat</texPath>
			<graphicClass>Graphic_Single</graphicClass>
		</graphicData>
		<costStuffCount>30</costStuffCount>
		<statBases>
			<MaxHitPoints>75</MaxHitPoints>
			<WorkToMake>500</WorkToMake>
			<Mass>0.1</Mass>
			<StuffEffectMultiplierArmor>0.02</StuffEffectMultiplierArmor>
			<StuffEffectMultiplierInsulation_Cold>0.20</StuffEffectMultiplierInsulation_Cold>
			<StuffEffectMultiplierInsulation_Heat>0.15</StuffEffectMultiplierInsulation_Heat>
			<EquipDelay>1</EquipDelay>
		</statBases>
		<equippedStatOffsets>
			<SocialImpact>0.1</SocialImpact>
		</equippedStatOffsets>
		<apparel>
			<bodyPartGroups>
				<li>UpperHead</li>
			</bodyPartGroups>
			<wornGraphicPath>Things/Pawn/Humanlike/Apparel/MousekinBellyDancerMaleHat/MousekinBellyDancerMaleHat</wornGraphicPath>
			<layers>
				<li>Overhead</li>
			</layers>
			<renderSkipFlags>
				<li>None</li>
			</renderSkipFlags>
			<defaultOutfitTags>
				<li>Worker</li>
			</defaultOutfitTags>
		<gender>Male</gender>
	</apparel>
	<!--  Color options (for cloth fabric type only)  -->
	<colorGenerator Class="ColorGenerator_Options">
	<options>
	<li>
	<!--  "White" - basically, use original texture colors only if the stuff fabric is cloth  -->
	<weight>10</weight>
	<only>(255, 255, 255)</only>
	</li>
	</options>
	</colorGenerator>
	</ThingDef>
<!-- Mousekin Belly Dancer Female Hat -->
	<ThingDef ParentName="LisaMousekin_HatBase">
		<defName>LisaMousekin_ApparelBellyDancerFemaleHat</defName>
		<label>Mousekin Belly Dancer Veil</label>
		<description>Sheer, flowing fabric worn on the head or waist to enhance movement and create visual allure.</description>
		<graphicData>
			<texPath>Things/Pawn/Humanlike/Apparel/MousekinBellyDancerFemaleHat/MousekinBellyDancerFemaleHat</texPath>
			<graphicClass>Graphic_Single</graphicClass>
		</graphicData>
		<costStuffCount>20</costStuffCount>
		<statBases>
			<MaxHitPoints>80</MaxHitPoints>
			<WorkToMake>500</WorkToMake>
			<Mass>0.1</Mass>
			<StuffEffectMultiplierArmor>0.02</StuffEffectMultiplierArmor>
			<StuffEffectMultiplierInsulation_Cold>.25</StuffEffectMultiplierInsulation_Cold>
			<StuffEffectMultiplierInsulation_Heat>.25</StuffEffectMultiplierInsulation_Heat>
			<EquipDelay>1</EquipDelay>
		</statBases>
		<equippedStatOffsets>
			<SocialImpact>0.1</SocialImpact>
		</equippedStatOffsets>
		<apparel>
			<bodyPartGroups>
				<li>UpperHead</li>
			</bodyPartGroups>
			<wornGraphicPath>Things/Pawn/Humanlike/Apparel/MousekinBellyDancerFemaleHat/MousekinBellyDancerFemaleHat</wornGraphicPath>
			<layers>
				<li>Overhead</li>
			</layers>
			<renderSkipFlags>
				<li>None</li>
			</renderSkipFlags>
			<defaultOutfitTags>
				<li>Worker</li>
			</defaultOutfitTags>
			<gender>Female</gender>
		</apparel>
<!--  Color options (for cloth fabric type only)  -->
	<colorGenerator Class="ColorGenerator_Options">
	<options>
	<li>
	<!--  "White" - basically, use original texture colors only if the stuff fabric is cloth  -->
	<weight>10</weight>
	<only>(255, 255, 255)</only>
	</li>
	</options>
	</colorGenerator>
		
	</ThingDef>
<!-- Aviator Hat -->
	<ThingDef ParentName="LisaMousekin_HatBase">
		<defName>LisaMousekin_ApparelAviatorHat</defName>
		<label>Mousekin Aviator Goggles</label>
		<description>Leather hat with ear flaps and goggles for protection and style.</description>
		<graphicData>
			<texPath>Things/Pawn/Humanlike/Apparel/MousekinAviatorHat/MousekinAviatorHat</texPath>
			<graphicClass>Graphic_Single</graphicClass>
		</graphicData>
		<costStuffCount>20</costStuffCount>
		<statBases>
			<MaxHitPoints>80</MaxHitPoints>
			<WorkToMake>500</WorkToMake>
			<Mass>0.1</Mass>
			<StuffEffectMultiplierArmor>0.02</StuffEffectMultiplierArmor>
			<StuffEffectMultiplierInsulation_Cold>.25</StuffEffectMultiplierInsulation_Cold>
			<StuffEffectMultiplierInsulation_Heat>.25</StuffEffectMultiplierInsulation_Heat>
			<EquipDelay>1</EquipDelay>
		</statBases>
		<equippedStatOffsets>
			<MentalBreakThreshold>.10</MentalBreakThreshold>
			<TradePriceImprovement>.10</TradePriceImprovement>
			<SocialImpact>.10</SocialImpact>
		</equippedStatOffsets>
		<apparel>
			<bodyPartGroups>
				<li>UpperHead</li>
			</bodyPartGroups>
			<wornGraphicPath>Things/Pawn/Humanlike/Apparel/MousekinAviatorHat/MousekinAviatorHat</wornGraphicPath>
			<layers>
				<li>Overhead</li>
			</layers>
			<renderSkipFlags>
				<li>None</li>
			</renderSkipFlags>
			<defaultOutfitTags>
				<li>Worker</li>
			</defaultOutfitTags>

		</apparel>
		<!-- Custom Mousekin Race mod comp to ignore apparel stuff color -->
		<comps>
			<li>
				<compClass>MousekinRace.CompApparelIgnoreStuffColor</compClass>
			</li>
		</comps>
	</ThingDef>

<!-- Captain's Hat -->
	<ThingDef ParentName="LisaMousekin_HatBase">
		<defName>LisaMousekin_ApparelCaptainHat</defName>
		<label>Mousekin Captain's Hat</label>
		<description>Distinctive headgear with a wide brim and often decorative elements, symbolizing authority and rank, typically worn by ship captains.</description>
		<graphicData>
			<texPath>Things/Pawn/Humanlike/Apparel/MousekinCaptainHat/MousekinCaptainHat</texPath>
			<graphicClass>Graphic_Single</graphicClass>
		</graphicData>
		<costStuffCount>50</costStuffCount>
		<statBases>
			<MaxHitPoints>80</MaxHitPoints>
			<WorkToMake>100</WorkToMake>
			<Mass>0.1</Mass>
			<StuffEffectMultiplierArmor>0.05</StuffEffectMultiplierArmor>
			<StuffEffectMultiplierInsulation_Cold>.25</StuffEffectMultiplierInsulation_Cold>
			<StuffEffectMultiplierInsulation_Heat>.25</StuffEffectMultiplierInsulation_Heat>
			<EquipDelay>1</EquipDelay>
		</statBases>
		<equippedStatOffsets>
			<SocialImpact>.10</SocialImpact>
			<MentalBreakThreshold>.05</MentalBreakThreshold>
		</equippedStatOffsets>
		<apparel>
			<bodyPartGroups>
				<li>UpperHead</li>
			</bodyPartGroups>
			<wornGraphicPath>Things/Pawn/Humanlike/Apparel/MousekinCaptainHat/MousekinCaptainHat</wornGraphicPath>
			<layers>
				<li>Overhead</li>
			</layers>
			<renderSkipFlags>
				<li>None</li>
			</renderSkipFlags>
			<defaultOutfitTags>
				<li>Worker</li>
			</defaultOutfitTags>
		</apparel>
		<!-- Custom Mousekin Race mod comp to ignore apparel stuff color -->
		<comps>
			<li>
				<compClass>MousekinRace.CompApparelIgnoreStuffColor</compClass>
			</li>
		</comps>
	</ThingDef>

<!-- Pirate's Hat -->
	<ThingDef ParentName="LisaMousekin_HatBase">
		<defName>LisaMousekin_ApparelPirateHat</defName>
		<label>Mousekin Pirate Captain's Hat</label>
		<description>Distinctive headgear with a wide brim and often decorative elements, symbolizing authority and rank, typically worn by ship captains.</description>
		<graphicData>
			<texPath>Things/Pawn/Humanlike/Apparel/MousekinPirateHat/MousekinPirateHat</texPath>
			<graphicClass>Graphic_Single</graphicClass>
		</graphicData>
		<costStuffCount>50</costStuffCount>
		<statBases>
			<MaxHitPoints>80</MaxHitPoints>
			<WorkToMake>100</WorkToMake>
			<Mass>0.1</Mass>
			<StuffEffectMultiplierArmor>0.05</StuffEffectMultiplierArmor>
			<StuffEffectMultiplierInsulation_Cold>.25</StuffEffectMultiplierInsulation_Cold>
			<StuffEffectMultiplierInsulation_Heat>.25</StuffEffectMultiplierInsulation_Heat>
			<EquipDelay>1</EquipDelay>
		</statBases>
		<equippedStatOffsets>
			<MentalBreakThreshold>.2</MentalBreakThreshold>
			<SocialImpact>-.1</SocialImpact>
		</equippedStatOffsets>
		<apparel>
			<bodyPartGroups>
				<li>UpperHead</li>
			</bodyPartGroups>
			<wornGraphicPath>Things/Pawn/Humanlike/Apparel/MousekinPirateHat/MousekinPirateHat</wornGraphicPath>
			<layers>
				<li>Overhead</li>
			</layers>
			<renderSkipFlags>
				<li>None</li>
			</renderSkipFlags>
			<defaultOutfitTags>
				<li>Worker</li>
			</defaultOutfitTags>
		</apparel>
		<!-- Custom Mousekin Race mod comp to ignore apparel stuff color -->
		<comps>
			<li>
				<compClass>MousekinRace.CompApparelIgnoreStuffColor</compClass>
			</li>
		</comps>
	</ThingDef>
	<!-- Mouseketeer Hat -->
	<ThingDef ParentName="LisaMousekin_HatBase">
		<defName>LisaMousekin_ApparelMouseketeerHat</defName>
		<label>Mousekin Mouseketeer Hat</label>
		<description>A tall, plumed hat with wide brim, symbolizing authority and elegance.</description>
		<graphicData>
			<texPath>Things/Pawn/Humanlike/Apparel/MousekinMouseketeerHat/MousekinMouseketeerHat</texPath>
			<graphicClass>Graphic_Single</graphicClass>
		</graphicData>
		<costStuffCount>30</costStuffCount>
		<statBases>
			<MaxHitPoints>75</MaxHitPoints>
			<WorkToMake>500</WorkToMake>
			<Mass>0.1</Mass>
			<StuffEffectMultiplierArmor>0.02</StuffEffectMultiplierArmor>
			<StuffEffectMultiplierInsulation_Cold>0.20</StuffEffectMultiplierInsulation_Cold>
			<StuffEffectMultiplierInsulation_Heat>0.15</StuffEffectMultiplierInsulation_Heat>
			<EquipDelay>1</EquipDelay>
		</statBases>
		<equippedStatOffsets>
			<SocialImpact>0.1</SocialImpact>
			<SharpDamageMultiplier>0.05</SharpDamageMultiplier>
		</equippedStatOffsets>
		<apparel>
			<bodyPartGroups>
				<li>UpperHead</li>
			</bodyPartGroups>
			<wornGraphicPath>Things/Pawn/Humanlike/Apparel/MousekinMouseketeerHat/MousekinMouseketeerHat</wornGraphicPath>
			<layers>
				<li>Overhead</li>
			</layers>
			<renderSkipFlags>
				<li>None</li>
			</renderSkipFlags>
			<defaultOutfitTags>
				<li>Worker</li>
			</defaultOutfitTags>
	
	</apparel>
	<!--  Color options (for cloth fabric type only)  -->
	<colorGenerator Class="ColorGenerator_Options">
	<options>
	<li>
	<!--  "White" - basically, use original texture colors only if the stuff fabric is cloth  -->
	<weight>10</weight>
	<only>(255, 255, 255)</only>
	</li>
	</options>
	</colorGenerator>
	</ThingDef>

<!-- Musketeer Hat -->
	<ThingDef ParentName="LisaMousekin_HatBase">
		<defName>LisaMousekin_ApparelMusketeerHat</defName>
		<label>Mousekin Musketeer Hat</label>
		<description>A tall, plumed hat with wide brim, symbolizing authority and elegance.</description>
		<graphicData>
			<texPath>Things/Pawn/Humanlike/Apparel/MousekinMusketeerHat/MousekinMusketeerHat</texPath>
			<graphicClass>Graphic_Single</graphicClass>
		</graphicData>
		<costStuffCount>50</costStuffCount>
		<statBases>
			<MaxHitPoints>50</MaxHitPoints>
			<WorkToMake>500</WorkToMake>
			<Mass>0.1</Mass>
			<StuffEffectMultiplierArmor>0.03</StuffEffectMultiplierArmor>
			<StuffEffectMultiplierInsulation_Cold>0.20</StuffEffectMultiplierInsulation_Cold>
			<StuffEffectMultiplierInsulation_Heat>0.15</StuffEffectMultiplierInsulation_Heat>
			<EquipDelay>1</EquipDelay>
		</statBases>
		<equippedStatOffsets>
			<ShootingAccuracyPawn>0.05</ShootingAccuracyPawn>
			<HuntingStealth>0.05</HuntingStealth>
		</equippedStatOffsets>
		<apparel>
			<bodyPartGroups>
				<li>UpperHead</li>
			</bodyPartGroups>
			<wornGraphicPath>Things/Pawn/Humanlike/Apparel/MousekinMusketeerHat/MousekinMusketeerHat</wornGraphicPath>
			<layers>
				<li>Overhead</li>
			</layers>
			<renderSkipFlags>
				<li>None</li>
			</renderSkipFlags>
			<defaultOutfitTags>
				<li>Worker</li>
			</defaultOutfitTags>
	
	</apparel>
	<!--  Color options (for cloth fabric type only)  -->
	<colorGenerator Class="ColorGenerator_Options">
	<options>
	<li>
	<!--  "White" - basically, use original texture colors only if the stuff fabric is cloth  -->
	<weight>10</weight>
	<only>(255, 255, 255)</only>
	</li>
	</options>
	</colorGenerator>
	</ThingDef>
<!-- Sailor Hat -->
	<ThingDef ParentName="LisaMousekin_HatBase">
		<defName>LisaMousekin_ApparelSailorHat</defName>
		<label>Mousekin Sailor's Hat</label>
		<description>Wide-brimmed hat with a flat crown, often adorned with ribbons, traditionally worn by sailors for sun protection and as a symbol of maritime life.</description>
		<graphicData>
			<texPath>Things/Pawn/Humanlike/Apparel/MousekinSailorHat/MousekinSailorHat</texPath>
			<graphicClass>Graphic_Single</graphicClass>
		</graphicData>
		<costStuffCount>50</costStuffCount>
		<statBases>
			<MaxHitPoints>75</MaxHitPoints>
			<WorkToMake>500</WorkToMake>
			<Mass>0.1</Mass>
			<StuffEffectMultiplierArmor>0.2</StuffEffectMultiplierArmor>
			<StuffEffectMultiplierInsulation_Cold>0.20</StuffEffectMultiplierInsulation_Cold>
			<StuffEffectMultiplierInsulation_Heat>0.20</StuffEffectMultiplierInsulation_Heat>
			<EquipDelay>1</EquipDelay>
		</statBases>
		<equippedStatOffsets>
			<SocialImpact>0.5</SocialImpact>
			<MoveSpeed>.05</MoveSpeed>
		</equippedStatOffsets>
		<apparel>
			<bodyPartGroups>
				<li>UpperHead</li>
			</bodyPartGroups>
			<wornGraphicPath>Things/Pawn/Humanlike/Apparel/MousekinSailorHat/MousekinSailorHat</wornGraphicPath>
			<layers>
				<li>Overhead</li>
			</layers>
			<renderSkipFlags>
				<li>None</li>
			</renderSkipFlags>
			<defaultOutfitTags>
				<li>Worker</li>
			</defaultOutfitTags>
	
	</apparel>
	<!--  Color options (for cloth fabric type only)  -->
	<colorGenerator Class="ColorGenerator_Options">
	<options>
	<li>
	<!--  "White" - basically, use original texture colors only if the stuff fabric is cloth  -->
	<weight>10</weight>
	<only>(255, 255, 255)</only>
	</li>
	</options>
	</colorGenerator>
	</ThingDef>


<!-- Headband -->
	<ThingDef ParentName="LisaMousekin_HatBase">
		<defName>LisaMousekin_ApparelTieBackHeadBand</defName>
		<label>Mousekin Tied Back Head Band</label>
		<description>Cloth band worn around the head with ties at the back, designed to keep hair secure and away from the face.</description>
		<graphicData>
			<texPath>Things/Pawn/Humanlike/Apparel/MousekinTieBackHeadBand/MousekinTieBackHeadBand</texPath>
			<graphicClass>Graphic_Single</graphicClass>
			<!-- Ignores CutoutComplex setting from parent LisaMousekin_HatBase and Mousekin_HatMakeableBase, as the whole hat should have its color changed by stuff color (no need for mask graphics) -->
			<shaderType>Cutout</shaderType>
		</graphicData>
		<costStuffCount>30</costStuffCount>
		<stuffCategories Inherit="false">
			<!-- Inherit="false" ignores what the parent LisaMousekin_ApparelBase says for stuffCategories -->
			<li>Leathery</li>
		</stuffCategories>
		<statBases>
			<MaxHitPoints>75</MaxHitPoints>
			<WorkToMake>500</WorkToMake>
			<Mass>0.1</Mass>
			<StuffEffectMultiplierArmor>0.2</StuffEffectMultiplierArmor>
			<StuffEffectMultiplierInsulation_Cold>0.25</StuffEffectMultiplierInsulation_Cold>
			<StuffEffectMultiplierInsulation_Heat>0.25</StuffEffectMultiplierInsulation_Heat>
			<EquipDelay>1</EquipDelay>
		</statBases>
		<equippedStatOffsets>
			<WorkSpeedGlobal>0.05</WorkSpeedGlobal>
		</equippedStatOffsets>
		<apparel>
			<bodyPartGroups>
				<li>UpperHead</li>
			</bodyPartGroups>
			<wornGraphicPath>Things/Pawn/Humanlike/Apparel/MousekinTieBackHeadBand/MousekinTieBackHeadBand</wornGraphicPath>
			<!-- Whole hat should have leather stuff color (no need for mask graphics) -->
			<useWornGraphicMask>false</useWornGraphicMask>
			<layers>
				<li>Overhead</li>
			</layers>
			<renderSkipFlags>
				<li>None</li>
			</renderSkipFlags>
			<defaultOutfitTags>
				<li>Worker</li>
			</defaultOutfitTags>
		</apparel>
	</ThingDef>

<!-- Tied Back Bandana -->
	<ThingDef ParentName="LisaMousekin_HatBase">
		<defName>LisaMousekin_ApparelTieBackHeadBandana</defName>
		<label>Mousekin Tied Back Head Bandana</label>
		<description>Cloth band worn around the head with ties at the back, designed to keep hair secure and away from the face.</description>
		<graphicData>
			<texPath>Things/Pawn/Humanlike/Apparel/MousekinTieBackHeadBandana/MousekinTieBackHeadBandana</texPath>
			<graphicClass>Graphic_Single</graphicClass>
			<!-- Ignores CutoutComplex setting from parent LisaMousekin_HatBase and Mousekin_HatMakeableBase, as the whole hat should have its color changed by stuff color (no need for mask graphics) -->
			<shaderType>Cutout</shaderType>
		</graphicData>
		<costStuffCount>30</costStuffCount>
		<stuffCategories Inherit="false">
			<!-- Inherit="false" ignores what the parent LisaMousekin_ApparelBase says for stuffCategories -->
			<li>Leathery</li>
		</stuffCategories>
		<statBases>
			<MaxHitPoints>75</MaxHitPoints>
			<WorkToMake>500</WorkToMake>
			<Mass>0.1</Mass>
			<StuffEffectMultiplierArmor>0.2</StuffEffectMultiplierArmor>
			<StuffEffectMultiplierInsulation_Cold>0.25</StuffEffectMultiplierInsulation_Cold>
			<StuffEffectMultiplierInsulation_Heat>0.25</StuffEffectMultiplierInsulation_Heat>
			<EquipDelay>1</EquipDelay>
		</statBases>
		<equippedStatOffsets>
			<WorkSpeedGlobal>0.05</WorkSpeedGlobal>
		</equippedStatOffsets>
		<apparel>
			<bodyPartGroups>
				<li>UpperHead</li>
			</bodyPartGroups>
			<wornGraphicPath>Things/Pawn/Humanlike/Apparel/MousekinTieBackHeadBandana/MousekinTieBackHeadBandana</wornGraphicPath>
			<!-- Whole hat should have leather stuff color (no need for mask graphics) -->
			<useWornGraphicMask>false</useWornGraphicMask>
			<layers>
				<li>Overhead</li>
			</layers>
			<renderSkipFlags>
				<li>None</li>
			</renderSkipFlags>
			<defaultOutfitTags>
				<li>Worker</li>
			</defaultOutfitTags>
		</apparel>
	</ThingDef>
	
	

</Defs>